{
  "code": "????",
  "body": [
    {
      "profileImageSrc": "images/cha.png",
      "imageSrcs": ["images/nail1.png", "images/nailart.png"],
      "nickname": "cha_cha",
      "isScraped": true,
      "shopName": "ssafy nail",
      "shopNickname": "ssafy_nail_shop",
      "isLiked": true,
      "likeCnt": 23,
      "rating": 4,
      "content": "시술 받고 왔는데 너무 이쁘게 잘 됐어요!!",
      "commentCnt": 20,
      "hashTags": ["블링", "구미", "네일"],
      "reviewKeywords": ["사장님이 착해요", "매장이 너무 예뻐요"],
      "feedId": 1,
      "createdAt": "2024-07-22 22:23:17"
    },
    {
      "profileImageSrc": "images/cha.png",
      "imageSrcs": ["images/nail2.png", "images/nail3.png", "images/nail4.png"],
      "nickname": "cha_cha",
      "isScraped": false,
      "shopName": "ssafy nail",
      "shopNickname": "ssafy_nail_shop",
      "isLiked": true,
      "likeCnt": 15,
      "rating": 5,
      "content": "정말 만족스러운 서비스였습니다!",
      "commentCnt": 10,
      "hashTags": ["화려함", "서울", "네일"],
      "reviewKeywords": ["친절한 서비스", "깔끔한 매장"],
      "feedId": 2,
      "createdAt": "2024-07-21 18:10:00"
    },
    {
      "profileImageSrc": "images/girl.png",
      "imageSrcs": ["images/hhh.png", "images/hh.png", "images/h.png"],
      "nickname": "jiwon",
      "isScraped": true,
      "shopName": "beauty haven",
      "shopNickname": "beauty_haven_shop",
      "isLiked": false,
      "likeCnt": 8,
      "rating": 4.5,
      "content": "새로운 헤어 디자인을 시도해봤어요!",
      "commentCnt": 5,
      "hashTags": ["트렌디", "부산", "네일아트"],
      "reviewKeywords": ["디자인이 예뻐요", "친절한 직원들"],
      "feedId": 3,
      "createdAt": "2024-07-20 14:30:45"
    },
    {
      "profileImageSrc": "images/cha.png",
      "imageSrcs": ["images/hair.png", "images/hair2.png"],
      "nickname": "cha_cha",
      "isScraped": false,
      "shopName": "chic hair",
      "shopNickname": "chic_hair_shop",
      "isLiked": true,
      "likeCnt": 30,
      "rating": 4.7,
      "content": "멋진 네일 아트를 받았어요. 추천합니다!",
      "commentCnt": 25,
      "hashTags": ["멋짐", "대전", "네일"],
      "reviewKeywords": ["디자인이 멋져요", "친절한 직원들"],
      "feedId": 4,
      "createdAt": "2024-07-19 11:45:00"
    },
    {
			"profileImageSrc": "images/girl.png",
			"imageSrcs": ["images/nail6.png", "images/nail7.png", "images/nail8.png"],
			"nickname": "jiwon",
			"isScraped": true,
			"shopName": "ssafy nail",
			"shopNickname": "ssafy_nail_shop",
			"isLiked": true,
			"likeCnt": 23,
			"rating": 4,
			"content": "네일 받고 왔는데 너무 이쁘게 잘 됐어요!!",
			"commentCnt": 20,
			"hashTags": ["블링", "구미", "네일"],
			"reviewKeywords": ["사장님이 착해요", "매장이 너무 예뻐요"],
			"feedId": 1,
			"createdAt": "2024-07-22 22:23:17"
		},
		{
			"profileImageSrc": "images/ma.png",
			"imageSrcs": ["images/hair7.png", "images/hair2.png", "images/hair.png"],
			"nickname": "madong",
			"isScraped": true,
			"shopName": "glamour hair",
			"shopNickname": "glamour_hair_shop",
			"isLiked": true,
			"likeCnt": 15,
			"rating": 5,
			"content": "정말 만족스러운 서비스였습니다!",
			"commentCnt": 10,
			"hashTags": ["화려함", "서울", "헤어"],
			"reviewKeywords": ["친절한 서비스", "깔끔한 매장"],
			"feedId": 2,
			"createdAt": "2024-07-21 18:10:00"
		},
		{
			"profileImageSrc": "images/ma.png",
			"imageSrcs": ["images/nail4.png", "images/nail5.png", "images/nail1.png"],
			"nickname": "madong",
			"isScraped": true,
			"shopName": "beauty haven",
			"shopNickname": "beauty_haven_shop",
			"isLiked": false,
			"likeCnt": 8,
      "rating": 4.8,
			"content": "새로운 네일 디자인을 시도해봤어요!",
			"commentCnt": 5,
			"hashTags": ["트렌디", "부산", "네일아트"],
			"feedId": 3,
			"createdAt": "2024-07-20 14:30:45"
		},
		{
			"profileImageSrc": "images/da.png",
			"imageSrcs": ["images/nail1.png", "images/nail2.png", "images/nail3.png"],
			"nickname": "art_nail_fan",
			"isScraped": true,
			"shopName": "chic nails",
			"shopNickname": "chic_nails_shop",
			"isLiked": true,
			"likeCnt": 30,
			"rating": 4.5,
			"content": "멋진 네일 아트를 받았어요. 추천합니다!",
			"commentCnt": 25,
			"hashTags": ["멋짐", "대전", "네일"],
			"reviewKeywords": ["디자인이 예뻐요", "친절한 직원들"],
			"feedId": 4,
			"createdAt": "2024-07-19 11:45:00"
		}
  ]
}
