{
  "code": "????",
  "body": [
    {
      "content": "원하는 스타일로 잘해줘요",
      "count": 52
    },
    {
      "content": "시술이 꼼꼼해요",
      "count": 37
    },
    {
      "content": "친절해요",
      "count": 83
    },
    {
      "content": "디자인 추천을 잘해줘요",
      "count": 21
    },
    {
      "content": "디자인이 다양해요",
      "count": 14
    },
    {
      "content": "가격이 합리적이에요",
      "count": 54
    },
    {
      "content": "매장이 청결해요",
      "count": 38
    },
    {
      "content": "상담이 자세해요",
      "count": 14
    },
    {
      "content": "대화가 즐거워요",
      "count": 26
    },
    {
      "content": "맞춤케어를 잘해줘요",
      "count": 8
    }
  ]
}
