{
  "code" : "????",
  "body" : [
    {
      "profileImageSrc" : "images/ssafynail.png",
      "imageSrcs" : ["images/nailart.png", "images/nail2.png", "images/nail3.png"],
      "nickname" : "ssafy_nail_shop",
      "shopName" : "ssafy nail",
      "isLiked" : true,
      "likeCnt" : 23,
      "content" : "이달의 네일입니다",
      "commentCnt" : 20,
      "hashTags" : ["블링", "구미", "네일"],
      "feedId" : 1,
      "createdAt" : "2024-07-22 22:23:17"
    },
    {
      "profileImageSrc" : "images/ssafynail.png",
      "imageSrcs" : ["images/nail4.png", "images/nail5.png"],
      "nickname" : "ssafy_nail_shop",
      "shopName" : "ssafy nail",
      "isLiked" : true,
      "likeCnt" : 15,
      "content" : "여름맞이 새로운 디자인!",
      "commentCnt" : 10,
      "hashTags" : ["여름네일", "네일아트", "신상"],
      "feedId" : 2,
      "createdAt" : "2024-07-20 10:15:30"
    },
    {
      "profileImageSrc" : "images/ssafynail.png",
      "imageSrcs" : ["images/nail3.png", "images/nail4.png", "images/nail5.png"],
      "nickname" : "ssafy_nail_shop",
      "shopName" : "ssafy nail",
      "isLiked" : true,
      "likeCnt" : 35,
      "content" : "이번 주 추천 네일 디자인입니다.",
      "commentCnt" : 25,
      "hashTags" : ["추천", "인기", "네일디자인"],
      "feedId" : 3,
      "createdAt" : "2024-07-19 18:05:45"
    },
    {
      "profileImageSrc" : "images/ssafynail.png",
      "imageSrcs" : ["images/nail1.png", "images/nail2.png"],
      "nickname" : "ssafy_nail_shop",
      "shopName" : "ssafy nail",
      "isLiked" : true,
      "likeCnt" : 20,
      "content" : "네일 아트의 정석을 보여드립니다.",
      "commentCnt" : 18,
      "hashTags" : ["네일정석", "고급", "아트"],
      "feedId" : 4,
      "createdAt" : "2024-07-18 14:45:22"
    },
    {
      "profileImageSrc" : "images/ssafynail.png",
      "imageSrcs" : ["images/nailart2.png", "images/nail2.png", "images/nail3.png"],
      "nickname" : "ssafy_nail_shop",
      "shopName" : "ssafy nail",
      "isLiked" : true,
      "likeCnt" : 42,
      "content" : "올해의 베스트 네일 디자인 모음.",
      "commentCnt" : 30,
      "hashTags" : ["베스트", "인기", "네일아트"],
      "feedId" : 5,
      "createdAt" : "2024-07-17 09:30:55"
    }
  ]
}
