{"v":"5.7.4","fr":24,"ip":0,"op":72,"w":600,"h":600,"nm":"Setting","ddd":0,"assets":[],"layers":[{"ddd":0,"ind":1,"ty":4,"nm":"Layer 3 Outlines","sr":1,"ks":{"o":{"a":0,"k":100,"ix":11},"r":{"a":1,"k":[{"i":{"x":[0],"y":[0.997]},"o":{"x":[0],"y":[0]},"t":2,"s":[0]},{"i":{"x":[0.976],"y":[0.999]},"o":{"x":[1],"y":[-0.008]},"t":61,"s":[380]},{"t":68,"s":[360]}],"ix":10},"p":{"a":0,"k":[299.979,299.531,0],"ix":2,"l":2},"a":{"a":0,"k":[186.979,190.031,0],"ix":1,"l":2},"s":{"a":0,"k":[100,100,100],"ix":6,"l":2}},"ao":0,"shapes":[{"ty":"gr","it":[{"ind":0,"ty":"sh","ix":1,"ks":{"a":0,"k":{"i":[[34.888,0],[0,34.888],[-34.888,0],[0,-34.888]],"o":[[-34.888,0],[0,-34.888],[34.888,0],[0,34.888]],"v":[[0.047,63.26],[-63.214,0],[0.047,-63.26],[63.308,0]],"c":true},"ix":2},"nm":"Path 1","mn":"ADBE Vector Shape - Group","hd":false},{"ind":1,"ty":"sh","ix":2,"ks":{"a":0,"k":{"i":[[6.515,5.172],[0,0],[0,5.203],[0.458,4.207],[0,0],[4.128,7.574],[0,0],[8.619,-3.179],[0,0],[8.556,3.844],[0,0],[8.524,0],[0,0],[1.012,-8.16],[0,0],[8.241,-5.866],[0,0],[3.843,-7.054],[0,0],[-6.627,-5.251],[0,0],[0,-4.349],[-0.553,-5.345],[0,0],[-4.128,-7.559],[0,0],[-8.698,3.194],[0,0],[-8.556,-3.858],[0,0],[-8.54,0],[0,0],[-1.012,8.16],[0,0],[-8.256,5.883],[0,0],[-2.134,0],[-2.846,5.218],[0,0]],"o":[[0,0],[0.442,-4.207],[0,-5.204],[0,0],[6.484,-5.124],[0,0],[-3.875,-7.085],[0,0],[-7.891,-5.694],[0,0],[-1.029,-8.287],[0,0],[-8.524,0],[0,0],[-8.287,3.733],[0,0],[-7.734,-2.99],[0,0],[-4.285,7.243],[0,0],[-0.553,5.329],[0,4.349],[0,0],[-6.484,5.14],[0,0],[3.875,7.069],[0,0],[7.876,5.678],[0,0],[1.027,8.319],[0,0],[8.524,0],[0,0],[8.287,-3.748],[0,0],[1.992,0.774],[6.137,0],[0,0],[4.049,-7.401]],"v":[[178.441,41.594],[143.553,14.313],[144.374,-0.015],[143.553,-14.344],[178.473,-41.64],[182.6,-63.433],[146.319,-126.204],[125.334,-133.748],[84.166,-117.221],[59.447,-131.566],[53.185,-175.231],[36.422,-189.781],[-36.327,-189.781],[-53.059,-175.358],[-59.339,-131.534],[-84.01,-117.19],[-125.287,-133.763],[-146.116,-126.346],[-182.443,-63.497],[-178.33,-41.593],[-143.443,-14.312],[-144.265,0.001],[-143.443,14.329],[-178.363,41.626],[-182.474,63.419],[-146.195,126.189],[-125.208,133.733],[-84.041,117.206],[-59.339,131.55],[-53.076,175.199],[-36.311,189.781],[36.437,189.781],[53.185,175.358],[59.463,131.55],[84.135,117.19],[125.413,133.764],[131.611,134.935],[146.241,126.363],[182.679,63.26]],"c":true},"ix":2},"nm":"Path 2","mn":"ADBE Vector Shape - Group","hd":false},{"ty":"mm","mm":1,"nm":"Merge Paths 1","mn":"ADBE Vector Filter - Merge","hd":false},{"ty":"fl","c":{"a":0,"k":[0,0,0,1],"ix":4},"o":{"a":0,"k":100,"ix":5},"r":1,"bm":0,"nm":"Fill 1","mn":"ADBE Vector Graphic - Fill","hd":false},{"ty":"tr","p":{"a":0,"k":[186.978,190.031],"ix":2},"a":{"a":0,"k":[0,0],"ix":1},"s":{"a":0,"k":[100,100],"ix":3},"r":{"a":0,"k":0,"ix":6},"o":{"a":0,"k":100,"ix":7},"sk":{"a":0,"k":0,"ix":4},"sa":{"a":0,"k":0,"ix":5},"nm":"Transform"}],"nm":"Group 1","np":4,"cix":2,"bm":0,"ix":1,"mn":"ADBE Vector Group","hd":false}],"ip":0,"op":120,"st":0,"bm":0}],"markers":[]}