{
  "code" : "????",
  "body" : [
    {
      "nickname" : "ssafy_nail",
      "imgSrc" : "images/ssafynail.png",
      "introduction" : "이달의 아트 구경오세요!"
    },
    {
      "nickname" : "jiwon",
      "imgSrc" : "images/girl.png",
      "introduction" : "네일 추천받아요!"
    },
    {
      "nickname" : "jin",
      "imgSrc" : "images/fa.png",
      "introduction" : "미용실 추천해주세요!"
    },
    {
      "nickname" : "jdock",
      "imgSrc" : "images/ma.png",
      "introduction" : "뷰티는 나야나!"
    },
    {
      "nickname" : "yuseung",
      "imgSrc" : "images/hh.png",
      "introduction" : "뷰린이 입니당!"
    }
  ]
}
